{"cameraMode":{"drawMode":0,"name":"Shaded","section":"Shading Mode"},"sceneLighting":true,"audioPlay":false,"sceneViewState":{"m_AlwaysRefresh":false,"showFog":true,"showSkybox":true,"showFlares":true,"showImageEffects":true,"showParticleSystems":true,"showVisualEffectGraphs":true,"m_FxEnabled":true},"in2DMode":false,"pivot":{"x":-0.284923791885376,"y":0.8864706754684448,"z":-9.986075401306153},"rotation":{"x":-0.11642050743103028,"y":0.6494595408439636,"z":-0.10155320912599564,"w":-0.7445397973060608},"size":0.18457739055156709,"orthographic":false}